"Scenario","TSF","Site","species","mean","sd","low","high","Data","Variable"
"Browsing",8,"BF72","Bene",1.24,0.3577013602964,-0.8822986397036,1.5977013602964,"Field","Height"
"Browsing",8,"BF72","Pima",0.15,0.0752259753570604,-0.0747740246429396,0.22522597535706,"Field","Height"
"Browsing",8,"BF72","Potr",0.61,0.398807102824358,-0.211192897175642,1.00880710282436,"Field","Height"
"Browsing",8,"BF76","Bene",1.97,0.606088407655795,-1.36391159234421,2.57608840765579,"Field","Height"
"Browsing",8,"BF76","Pima",0.24,0.165701062474756,-0.0742989375252435,0.405701062474756,"Field","Height"
"Browsing",8,"BF76","Potr",1.16,0.550163612028277,-0.609836387971723,1.71016361202828,"Field","Height"
"Browsing",8,"BF79","Bene",1.17,0.360520092147588,-0.809479907852412,1.53052009214759,"Field","Height"
"Browsing",8,"BF79","Pima",0.23,0.130403220819119,-0.0995967791808807,0.360403220819119,"Field","Height"
"Browsing",8,"BF79","Potr",0.63,0.253179258317314,-0.376820741682686,0.883179258317314,"Field","Height"
"Browsing",8,"BF82","Bene",1.25,0.538714600742018,-0.711285399257982,1.78871460074202,"Field","Height"
"Browsing",8,"BF82","Pima",0.2,0.111897509496767,-0.0881024905032335,0.311897509496767,"Field","Height"
"Browsing",8,"BF82","Potr",0.32,0.16199009066509,-0.15800990933491,0.48199009066509,"Field","Height"
"Browsing",8,"BF84","Bene",0.67,0.330945614867458,-0.339054385132542,1.00094561486746,"Field","Height"
"Browsing",8,"BF84","Pima",0.27,0.12359100631561,-0.14640899368439,0.39359100631561,"Field","Height"
"Browsing",8,"BF84","Potr",0.26,0.0861455316982776,-0.173854468301722,0.346145531698278,"Field","Height"
"Browsing",8,"BF86","Bene",1.34,0.603816589441041,-0.736183410558959,1.94381658944104,"Field","Height"
"Browsing",8,"BF86","Pima",0.33,0.145510896680048,-0.184489103319952,0.475510896680048,"Field","Height"
"Browsing",8,"BF86","Potr",0.36,0.282933412288958,-0.0770665877110417,0.642933412288958,"Field","Height"
"Browsing",9,"BF72","Bene",1.69,0.486082893082413,-1.20391710691759,2.17608289308241,"Field","Height"
"Browsing",9,"BF72","Pima",0.24,0.086778605173104,-0.153221394826896,0.326778605173104,"Field","Height"
"Browsing",9,"BF72","Potr",0.75,0.426188740002904,-0.323811259997096,1.1761887400029,"Field","Height"
"Browsing",9,"BF76","Bene",2.51,0.709031028940201,-1.8009689710598,3.2190310289402,"Field","Height"
"Browsing",9,"BF76","Pima",0.33,0.198076938799575,-0.131923061200425,0.528076938799575,"Field","Height"
"Browsing",9,"BF76","Potr",1.37,0.768672642663278,-0.601327357336722,2.13867264266328,"Field","Height"
"Browsing",9,"BF79","Bene",1.23,0.389573315848317,-0.840426684151683,1.61957331584832,"Field","Height"
"Browsing",9,"BF79","Pima",0.31,0.155626915545176,-0.154373084454824,0.465626915545176,"Field","Height"
"Browsing",9,"BF79","Potr",0.72,0.257847364070092,-0.462152635929908,0.977847364070092,"Field","Height"
"Browsing",9,"BF82","Bene",1.43,0.627598691011274,-0.802401308988726,2.05759869101127,"Field","Height"
"Browsing",9,"BF82","Pima",0.26,0.131248057629738,-0.128751942370262,0.391248057629738,"Field","Height"
"Browsing",9,"BF82","Potr",0.38,0.214222379947043,-0.165777620052957,0.594222379947043,"Field","Height"
"Browsing",9,"BF84","Bene",0.76,0.360124247564935,-0.399875752435065,1.12012424756493,"Field","Height"
"Browsing",9,"BF84","Pima",0.3,0.116885008718646,-0.183114991281354,0.416885008718646,"Field","Height"
"Browsing",9,"BF84","Potr",0.3,0.0896223395292159,-0.210377660470784,0.389622339529216,"Field","Height"
"Browsing",9,"BF86","Bene",1.53,0.710029650974632,-0.819970349025368,2.24002965097463,"Field","Height"
"Browsing",9,"BF86","Pima",0.46,0.182303246499371,-0.277696753500629,0.642303246499371,"Field","Height"
"Browsing",9,"BF86","Potr",0.42,0.281254707562942,-0.138745292437058,0.701254707562942,"Field","Height"
"Browsing",10,"BF72","Bene",1.93,0.598701225900479,-1.33129877409952,2.52870122590048,"Field","Height"
"Browsing",10,"BF72","Pima",0.28,0.114398886634258,-0.165601113365742,0.394398886634258,"Field","Height"
"Browsing",10,"BF72","Potr",0.84,0.549214218051519,-0.290785781948481,1.38921421805152,"Field","Height"
"Browsing",10,"BF76","Bene",2.79,0.837120848975507,-1.95287915102449,3.62712084897551,"Field","Height"
"Browsing",10,"BF76","Pima",0.39,0.21825624727298,-0.17174375272702,0.60825624727298,"Field","Height"
"Browsing",10,"BF76","Potr",1.55,0.830291641850209,-0.719708358149791,2.38029164185021,"Field","Height"
"Browsing",10,"BF79","Bene",1.29,0.366020163698556,-0.923979836301444,1.65602016369856,"Field","Height"
"Browsing",10,"BF79","Pima",0.33,0.16890592211736,-0.16109407788264,0.49890592211736,"Field","Height"
"Browsing",10,"BF79","Potr",0.76,0.306326088530866,-0.453673911469134,1.06632608853087,"Field","Height"
"Browsing",10,"BF82","Bene",1.57,0.589677130001715,-0.980322869998286,2.15967713000171,"Field","Height"
"Browsing",10,"BF82","Pima",0.29,0.17103016046731,-0.11896983953269,0.46103016046731,"Field","Height"
"Browsing",10,"BF82","Potr",0.4,0.23561179229119,-0.16438820770881,0.63561179229119,"Field","Height"
"Browsing",10,"BF84","Bene",0.79,0.386880574528327,-0.403119425471673,1.17688057452833,"Field","Height"
"Browsing",10,"BF84","Pima",0.34,0.117718441966191,-0.22228155803381,0.457718441966191,"Field","Height"
"Browsing",10,"BF84","Potr",0.3,0.0942374753183996,-0.2057625246816,0.3942374753184,"Field","Height"
"Browsing",10,"BF86","Bene",1.62,0.76591992618898,-0.85408007381102,2.38591992618898,"Field","Height"
"Browsing",10,"BF86","Pima",0.53,0.226819543388919,-0.303180456611081,0.756819543388919,"Field","Height"
"Browsing",10,"BF86","Potr",0.4,0.223992481076815,-0.176007518923185,0.623992481076815,"Field","Height"
"Browsing",12,"BF72","Bene",2.66,0.601572282046236,-2.05842771795376,3.26157228204624,"Field","Height"
"Browsing",12,"BF72","Pima",0.38,0.17487664825603,-0.20512335174397,0.55487664825603,"Field","Height"
"Browsing",12,"BF72","Potr",1.15,0.847719679475922,-0.302280320524078,1.99771967947592,"Field","Height"
"Browsing",12,"BF76","Bene",3.52,1.11348894542288,-2.40651105457712,4.63348894542288,"Field","Height"
"Browsing",12,"BF76","Pima",0.48,0.253694283486412,-0.226305716513587,0.733694283486412,"Field","Height"
"Browsing",12,"BF76","Potr",1.4,0.988970224659549,-0.411029775340451,2.38897022465955,"Field","Height"
"Browsing",12,"BF79","Bene",1.5,0.598753969330871,-0.901246030669129,2.09875396933087,"Field","Height"
"Browsing",12,"BF79","Pima",0.45,0.225095886001359,-0.224904113998641,0.675095886001359,"Field","Height"
"Browsing",12,"BF79","Potr",0.81,0.41733630400826,-0.39266369599174,1.22733630400826,"Field","Height"
"Browsing",12,"BF82","Bene",2.05,1.04702414433648,-1.00297585566352,3.09702414433648,"Field","Height"
"Browsing",12,"BF82","Pima",0.4,0.221746061497096,-0.178253938502904,0.621746061497096,"Field","Height"
"Browsing",12,"BF82","Potr",0.46,0.344335108094813,-0.115664891905187,0.804335108094813,"Field","Height"
"Browsing",12,"BF84","Bene",0.89,0.475371815080679,-0.414628184919321,1.36537181508068,"Field","Height"
"Browsing",12,"BF84","Pima",0.42,0.150769081012898,-0.269230918987102,0.570769081012898,"Field","Height"
"Browsing",12,"BF84","Potr",0.28,0.0965546840787326,-0.183445315921267,0.376554684078733,"Field","Height"
"Browsing",12,"BF86","Bene",2.03,0.90840393681352,-1.12159606318648,2.93840393681352,"Field","Height"
"Browsing",12,"BF86","Pima",0.74,0.326385306686825,-0.413614693313175,1.06638530668682,"Field","Height"
"Browsing",12,"BF86","Potr",0.36,0.223043802899107,-0.136956197100893,0.583043802899107,"Field","Height"
"No Browsing",8,"BF72","Bene",1.11,0.360162244141808,-0.749837755858192,1.47016224414181,"Field","Height"
"No Browsing",8,"BF72","Pima",0.24,0.122786721380483,-0.117213278619517,0.362786721380483,"Field","Height"
"No Browsing",8,"BF72","Potr",0.64,0.412360343184913,-0.227639656815087,1.05236034318491,"Field","Height"
"No Browsing",8,"BF76","Bene",1.73,0.665159062892004,-1.064840937108,2.395159062892,"Field","Height"
"No Browsing",8,"BF76","Pima",0.29,0.120537174872799,-0.169462825127201,0.410537174872799,"Field","Height"
"No Browsing",8,"BF76","Potr",1.03,0.47952031952995,-0.55047968047005,1.50952031952995,"Field","Height"
"No Browsing",8,"BF79","Bene",1.04,0.367688011341423,-0.672311988658577,1.40768801134142,"Field","Height"
"No Browsing",8,"BF79","Pima",0.24,0.122786721380483,-0.117213278619517,0.362786721380483,"Field","Height"
"No Browsing",8,"BF79","Potr",0.56,0.265645192730929,-0.294354807269071,0.82564519273093,"Field","Height"
"No Browsing",8,"BF82","Bene",1.14,0.503966112060388,-0.636033887939612,1.64396611206039,"Field","Height"
"No Browsing",8,"BF82","Pima",0.25,0.08899881726003,-0.16100118273997,0.33899881726003,"Field","Height"
"No Browsing",8,"BF82","Potr",0.4,0.197997208911747,-0.202002791088253,0.597997208911747,"Field","Height"
"No Browsing",8,"BF84","Bene",0.78,0.302141479582348,-0.477858520417652,1.08214147958235,"Field","Height"
"No Browsing",8,"BF84","Pima",0.34,0.11991663771137,-0.22008336228863,0.45991663771137,"Field","Height"
"No Browsing",8,"BF84","Potr",0.42,0.195127488689075,-0.224872511310925,0.615127488689075,"Field","Height"
"No Browsing",8,"BF86","Bene",1.37,0.573708847853389,-0.796291152146611,1.94370884785339,"Field","Height"
"No Browsing",8,"BF86","Pima",0.32,0.125693863686423,-0.194306136313577,0.445693863686423,"Field","Height"
"No Browsing",8,"BF86","Potr",0.45,0.184693202222952,-0.265306797777048,0.634693202222953,"Field","Height"
"No Browsing",9,"BF72","Bene",1.59,0.558411987128161,-1.03158801287184,2.14841198712816,"Field","Height"
"No Browsing",9,"BF72","Pima",0.27,0.14252885211146,-0.12747114788854,0.41252885211146,"Field","Height"
"No Browsing",9,"BF72","Potr",0.66,0.436259217969269,-0.223740782030731,1.09625921796927,"Field","Height"
"No Browsing",9,"BF76","Bene",2.36,0.945845625548071,-1.41415437445193,3.30584562554807,"Field","Height"
"No Browsing",9,"BF76","Pima",0.34,0.142863366614636,-0.197136633385364,0.482863366614636,"Field","Height"
"No Browsing",9,"BF76","Potr",1.3,0.720850922612699,-0.579149077387301,2.0208509226127,"Field","Height"
"No Browsing",9,"BF79","Bene",1.38,0.452471575146759,-0.92752842485324,1.83247157514676,"Field","Height"
"No Browsing",9,"BF79","Pima",0.3,0.149577475084424,-0.150422524915576,0.449577475084424,"Field","Height"
"No Browsing",9,"BF79","Potr",0.74,0.418071701228893,-0.321928298771107,1.15807170122889,"Field","Height"
"No Browsing",9,"BF82","Bene",1.4,0.652690585193321,-0.747309414806679,2.05269058519332,"Field","Height"
"No Browsing",9,"BF82","Pima",0.31,0.12086965576277,-0.18913034423723,0.43086965576277,"Field","Height"
"No Browsing",9,"BF82","Potr",0.45,0.247511296924531,-0.202488703075469,0.697511296924531,"Field","Height"
"No Browsing",9,"BF84","Bene",0.87,0.320530399248036,-0.549469600751964,1.19053039924804,"Field","Height"
"No Browsing",9,"BF84","Pima",0.37,0.119087539672558,-0.250912460327442,0.489087539672558,"Field","Height"
"No Browsing",9,"BF84","Potr",0.46,0.190264512706184,-0.269735487293816,0.650264512706184,"Field","Height"
"No Browsing",9,"BF86","Bene",1.69,0.76302307339052,-0.926976926609479,2.45302307339052,"Field","Height"
"No Browsing",9,"BF86","Pima",0.37,0.163748041370367,-0.206251958629633,0.533748041370367,"Field","Height"
"No Browsing",9,"BF86","Potr",0.48,0.195498687571312,-0.284501312428688,0.675498687571311,"Field","Height"
"No Browsing",10,"BF72","Bene",1.99,0.726756311869464,-1.26324368813054,2.71675631186946,"Field","Height"
"No Browsing",10,"BF72","Pima",0.32,0.183603548870643,-0.136396451129357,0.503603548870643,"Field","Height"
"No Browsing",10,"BF72","Potr",0.72,0.507861011515497,-0.212138988484503,1.2278610115155,"Field","Height"
"No Browsing",10,"BF76","Bene",2.62,0.998042821568399,-1.6219571784316,3.6180428215684,"Field","Height"
"No Browsing",10,"BF76","Pima",0.39,0.177038668257755,-0.212961331742245,0.567038668257755,"Field","Height"
"No Browsing",10,"BF76","Potr",1.43,0.868749100718959,-0.561250899281041,2.29874910071896,"Field","Height"
"No Browsing",10,"BF79","Bene",1.47,0.479642410661592,-0.990357589338408,1.94964241066159,"Field","Height"
"No Browsing",10,"BF79","Pima",0.34,0.177099436832294,-0.162900563167706,0.517099436832294,"Field","Height"
"No Browsing",10,"BF79","Potr",0.84,0.489805427414954,-0.350194572585045,1.32980542741495,"Field","Height"
"No Browsing",10,"BF82","Bene",1.48,0.716270310633309,-0.763729689366691,2.19627031063331,"Field","Height"
"No Browsing",10,"BF82","Pima",0.38,0.137246416883533,-0.242753583116467,0.517246416883533,"Field","Height"
"No Browsing",10,"BF82","Potr",0.53,0.282623465748711,-0.247376534251289,0.812623465748711,"Field","Height"
"No Browsing",10,"BF84","Bene",0.91,0.340856506311288,-0.569143493688712,1.25085650631129,"Field","Height"
"No Browsing",10,"BF84","Pima",0.39,0.127917530998851,-0.262082469001149,0.517917530998851,"Field","Height"
"No Browsing",10,"BF84","Potr",0.48,0.204215801463186,-0.275784198536814,0.684215801463186,"Field","Height"
"No Browsing",10,"BF86","Bene",1.72,0.85848029741668,-0.86151970258332,2.57848029741668,"Field","Height"
"No Browsing",10,"BF86","Pima",0.44,0.196934399978107,-0.243065600021893,0.636934399978107,"Field","Height"
"No Browsing",10,"BF86","Potr",0.47,0.203026443701566,-0.266973556298434,0.673026443701566,"Field","Height"
"No Browsing",12,"BF72","Bene",2.74,0.858057782375253,-1.88194221762475,3.59805778237525,"Field","Height"
"No Browsing",12,"BF72","Pima",0.48,0.292399780401674,-0.187600219598326,0.772399780401674,"Field","Height"
"No Browsing",12,"BF72","Potr",0.91,0.854653241813714,-0.0553467581862864,1.76465324181371,"Field","Height"
"No Browsing",12,"BF76","Bene",3.47,1.25909857061563,-2.21090142938437,4.72909857061563,"Field","Height"
"No Browsing",12,"BF76","Pima",0.47,0.208647832791656,-0.261352167208344,0.678647832791656,"Field","Height"
"No Browsing",12,"BF76","Potr",1.51,0.995519200986181,-0.514480799013819,2.50551920098618,"Field","Height"
"No Browsing",12,"BF79","Bene",2.17,0.79575783145112,-1.37424216854888,2.96575783145112,"Field","Height"
"No Browsing",12,"BF79","Pima",0.51,0.258950818333887,-0.251049181666114,0.768950818333886,"Field","Height"
"No Browsing",12,"BF79","Potr",1.14,0.782869908808384,-0.357130091191616,1.92286990880838,"Field","Height"
"No Browsing",12,"BF82","Bene",1.93,1.40600393271979,-0.523996067280205,3.33600393271979,"Field","Height"
"No Browsing",12,"BF82","Pima",0.49,0.1566405353347,-0.3333594646653,0.6466405353347,"Field","Height"
"No Browsing",12,"BF82","Potr",0.53,0.343365087528324,-0.186634912471676,0.873365087528324,"Field","Height"
"No Browsing",12,"BF84","Bene",0.99,0.476272809924821,-0.513727190075179,1.46627280992482,"Field","Height"
"No Browsing",12,"BF84","Pima",0.44,0.140909638832088,-0.299090361167912,0.580909638832088,"Field","Height"
"No Browsing",12,"BF84","Potr",0.62,0.413215115921651,-0.206784884078349,1.03321511592165,"Field","Height"
"No Browsing",12,"BF86","Bene",2,1.0260575773546,-0.973942422645403,3.0260575773546,"Field","Height"
"No Browsing",12,"BF86","Pima",0.61,0.285478975782868,-0.324521024217132,0.895478975782868,"Field","Height"
"No Browsing",12,"BF86","Potr",0.56,0.287271648444465,-0.272728351555536,0.847271648444465,"Field","Height"
"Browsing",8,"BF72","Bene",4.57,1.2724180205607,-3.2975819794393,5.8424180205607,"Field","DBH"
"Browsing",8,"BF72","Potr",5.5,2.12132034355964,-3.37867965644036,7.62132034355964,"Field","DBH"
"Browsing",8,"BF76","Bene",8.76,5.19048903963665,-3.56951096036335,13.9504890396367,"Field","DBH"
"Browsing",8,"BF76","Potr",4.38,2.92464894108189,-1.45535105891811,7.30464894108189,"Field","DBH"
"Browsing",8,"BF79","Bene",4,1.4142135623731,-2.5857864376269,5.4142135623731,"Field","DBH"
"Browsing",8,"BF82","Bene",6,3.16227766016838,-2.83772233983162,9.16227766016838,"Field","DBH"
"Browsing",8,"BF86","Bene",7.25,2.81577190634672,-4.43422809365328,10.0657719063467,"Field","DBH"
"Browsing",9,"BF72","Bene",4.06,2.48914309217717,-1.57085690782283,6.54914309217717,"Field","DBH"
"Browsing",9,"BF72","Potr",10,NA,NA,NA,"Field","DBH"
"Browsing",9,"BF76","Bene",11.42,6.82573390009117,-4.59426609990883,18.2457339000912,"Field","DBH"
"Browsing",9,"BF76","Potr",5.33,3.80788655293195,-1.52211344706805,9.13788655293195,"Field","DBH"
"Browsing",9,"BF79","Bene",4.2,1.92353840616713,-2.27646159383287,6.12353840616713,"Field","DBH"
"Browsing",9,"BF82","Bene",5.83,3.29830075626646,-2.53169924373354,9.12830075626646,"Field","DBH"
"Browsing",9,"BF84","Bene",3,NA,NA,NA,"Field","DBH"
"Browsing",9,"BF86","Bene",7.64,3.3844564489066,-4.2555435510934,11.0244564489066,"Field","DBH"
"Browsing",10,"BF72","Bene",6.12,2.64297069935462,-3.47702930064538,8.76297069935462,"Field","DBH"
"Browsing",10,"BF72","Potr",8,8.48528137423857,0.48528137423857,16.4852813742386,"Field","DBH"
"Browsing",10,"BF76","Bene",12.95,7.50771532982466,-5.44228467017534,20.4577153298247,"Field","DBH"
"Browsing",10,"BF76","Potr",5.6,2.27058484879019,-3.32941515120981,7.87058484879019,"Field","DBH"
"Browsing",10,"BF79","Bene",4.17,2.40138848724372,-1.76861151275628,6.57138848724372,"Field","DBH"
"Browsing",10,"BF82","Bene",7.23,3.03188187307944,-4.19811812692056,10.2618818730794,"Field","DBH"
"Browsing",10,"BF84","Bene",3,NA,NA,NA,"Field","DBH"
"Browsing",10,"BF86","Bene",8.64,3.69520573913625,-4.94479426086375,12.3352057391362,"Field","DBH"
"Browsing",12,"BF72","Bene",12.3,5.46890198201512,-6.83109801798488,17.7689019820151,"Field","DBH"
"Browsing",12,"BF72","Potr",51,102.885834787885,51.8858347878852,153.885834787885,"Field","DBH"
"Browsing",12,"BF76","Bene",20.34,10.7747463030336,-9.56525369696637,31.1147463030336,"Field","DBH"
"Browsing",12,"BF76","Potr",7.9,5.32517605342772,-2.57482394657228,13.2251760534277,"Field","DBH"
"Browsing",12,"BF79","Bene",6.12,3.14636875836835,-2.97363124163165,9.26636875836835,"Field","DBH"
"Browsing",12,"BF79","Potr",3.55,0.0707106781186548,-3.47928932188135,3.62071067811865,"Field","DBH"
"Browsing",12,"BF82","Bene",11.6,4.62699588384201,-6.97300411615799,16.226995883842,"Field","DBH"
"Browsing",12,"BF82","Potr",2,NA,NA,NA,"Field","DBH"
"Browsing",12,"BF84","Bene",5.72,1.84639287982451,-3.87360712017548,7.56639287982451,"Field","DBH"
"Browsing",12,"BF86","Bene",9.08,6.51138056967007,-2.56861943032993,15.5913805696701,"Field","DBH"
"Browsing",12,"BF86","Pima",5.8,NA,NA,NA,"Field","DBH"
"No Browsing",8,"BF72","Bene",5,2.82842712474619,-2.17157287525381,7.82842712474619,"Field","DBH"
"No Browsing",8,"BF76","Bene",9.27,5.10080207596627,-4.16919792403373,14.3708020759663,"Field","DBH"
"No Browsing",8,"BF76","Potr",6.67,2.08166599946613,-4.58833400053387,8.75166599946613,"Field","DBH"
"No Browsing",8,"BF79","Bene",8,NA,NA,NA,"Field","DBH"
"No Browsing",8,"BF82","Bene",6.67,0.577350269189626,-6.09264973081037,7.24735026918963,"Field","DBH"
"No Browsing",8,"BF86","Bene",8,3.29501788419166,-4.70498211580834,11.2950178841917,"Field","DBH"
"No Browsing",9,"BF72","Bene",5.17,3.01008406204977,-2.15991593795023,8.18008406204977,"Field","DBH"
"No Browsing",9,"BF72","Potr",10,NA,NA,NA,"Field","DBH"
"No Browsing",9,"BF76","Bene",8.58,7.28251932502058,-1.29748067497942,15.8625193250206,"Field","DBH"
"No Browsing",9,"BF76","Potr",6,5.13160143944688,-0.868398560553116,11.1316014394469,"Field","DBH"
"No Browsing",9,"BF79","Bene",5.11,2.42097317438899,-2.68902682561101,7.53097317438899,"Field","DBH"
"No Browsing",9,"BF79","Potr",3,0,-3,3,"Field","DBH"
"No Browsing",9,"BF82","Bene",7,5.73211504221111,-1.26788495778889,12.7321150422111,"Field","DBH"
"No Browsing",9,"BF86","Bene",8.55,7.3398043075226,-1.2101956924774,15.8898043075226,"Field","DBH"
"No Browsing",10,"BF72","Bene",7.6,3.88770957175118,-3.71229042824882,11.4877095717512,"Field","DBH"
"No Browsing",10,"BF72","Potr",7,7.07106781186548,0.0710678118654755,14.0710678118655,"Field","DBH"
"No Browsing",10,"BF76","Bene",11.42,7.76255820857534,-3.65744179142466,19.1825582085753,"Field","DBH"
"No Browsing",10,"BF76","Potr",5.5,3.16227766016838,-2.33772233983162,8.66227766016838,"Field","DBH"
"No Browsing",10,"BF79","Bene",5.25,3.13702232872339,-2.11297767127661,8.38702232872339,"Field","DBH"
"No Browsing",10,"BF79","Potr",4.67,0.577350269189626,-4.09264973081037,5.24735026918963,"Field","DBH"
"No Browsing",10,"BF82","Bene",7.4,6.11373680965887,-1.28626319034113,13.5137368096589,"Field","DBH"
"No Browsing",10,"BF84","Bene",2.5,0.707106781186548,-1.79289321881345,3.20710678118655,"Field","DBH"
"No Browsing",10,"BF86","Bene",8.08,7.42138282781067,-0.658617172189333,15.5013828278107,"Field","DBH"
"No Browsing",12,"BF72","Bene",11.27,5.96657845666444,-5.30342154333556,17.2365784566644,"Field","DBH"
"No Browsing",12,"BF72","Potr",4.55,3.60624458405139,-0.943755415948607,8.15624458405139,"Field","DBH"
"No Browsing",12,"BF76","Bene",16.92,11.414784708505,-5.50521529149496,28.334784708505,"Field","DBH"
"No Browsing",12,"BF76","Potr",7.66,5.75893026331955,-1.90106973668045,13.4189302633195,"Field","DBH"
"No Browsing",12,"BF79","Bene",7.7,4.79012873870143,-2.90987126129857,12.4901287387014,"Field","DBH"
"No Browsing",12,"BF79","Potr",6.96,3.05826748339644,-3.90173251660356,10.0182674833964,"Field","DBH"
"No Browsing",12,"BF82","Bene",11.44,9.39848687585164,-2.04151312414836,20.8384868758516,"Field","DBH"
"No Browsing",12,"BF84","Bene",5.7,2.26053091109146,-3.43946908890854,7.96053091109146,"Field","DBH"
"No Browsing",12,"BF86","Bene",10.82,9.7736310364349,-1.0463689635651,20.5936310364349,"Field","DBH"
"Browsing",8,"BF72","Bene",13.75,3.72579910185297,-10.024200898147,17.475799101853,"Field","Basal"
"Browsing",8,"BF72","Pima",2.2,1.05630936457281,-1.14369063542719,3.25630936457281,"Field","Basal"
"Browsing",8,"BF72","Potr",5.95,4.12278648744422,-1.82721351255578,10.0727864874442,"Field","Basal"
"Browsing",8,"BF76","Bene",18.95,8.22368210526289,-10.7263178947371,27.1736821052629,"Field","Basal"
"Browsing",8,"BF76","Pima",3.35,2.00722379629703,-1.34277620370297,5.35722379629703,"Field","Basal"
"Browsing",8,"BF76","Potr",8.15,3.21632349773857,-4.93367650226143,11.3663234977386,"Field","Basal"
"Browsing",8,"BF79","Bene",13,4.26737932644726,-8.73262067355274,17.2673793264473,"Field","Basal"
"Browsing",8,"BF79","Pima",2.9,1.48323969741913,-1.41676030258087,4.38323969741913,"Field","Basal"
"Browsing",8,"BF79","Potr",7.6,2.62377791101225,-4.97622208898775,10.2237779110122,"Field","Basal"
"Browsing",8,"BF82","Bene",14,6.6806870116305,-7.3193129883695,20.6806870116305,"Field","Basal"
"Browsing",8,"BF82","Pima",3.35,1.95407805694439,-1.39592194305561,5.30407805694439,"Field","Basal"
"Browsing",8,"BF82","Potr",3.1,1.5183093090325,-1.5816906909675,4.6183093090325,"Field","Basal"
"Browsing",8,"BF84","Bene",8.15,3.80131556174964,-4.34868443825036,11.9513155617496,"Field","Basal"
"Browsing",8,"BF84","Pima",4.05,2.0384462607326,-2.0115537392674,6.0884462607326,"Field","Basal"
"Browsing",8,"BF84","Potr",3.5,1,-2.5,4.5,"Field","Basal"
"Browsing",8,"BF86","Bene",15.35,8.15814091309379,-7.19185908690621,23.5081409130938,"Field","Basal"
"Browsing",8,"BF86","Pima",4.75,1.97017231413103,-2.77982768586897,6.72017231413103,"Field","Basal"
"Browsing",8,"BF86","Potr",2.9,2.10012530954452,-0.799874690455478,5.00012530954452,"Field","Basal"
"Browsing",9,"BF72","Bene",20.4,6.23572052984383,-14.1642794701562,26.6357205298438,"Field","Basal"
"Browsing",9,"BF72","Pima",3.85,1.42441123571146,-2.42558876428854,5.27441123571146,"Field","Basal"
"Browsing",9,"BF72","Potr",7.79,4.99531944666895,-2.79468055333105,12.785319446669,"Field","Basal"
"Browsing",9,"BF76","Bene",30.7,13.3460027526479,-17.3539972473521,44.0460027526479,"Field","Basal"
"Browsing",9,"BF76","Pima",5,3.21182027418786,-1.78817972581214,8.21182027418786,"Field","Basal"
"Browsing",9,"BF76","Potr",11.45,6.96967113926286,-4.48032886073714,18.4196711392629,"Field","Basal"
"Browsing",9,"BF79","Bene",16.8,5.2575759873879,-11.5424240126121,22.0575759873879,"Field","Basal"
"Browsing",9,"BF79","Pima",4.65,2.56032481491992,-2.08967518508008,7.21032481491992,"Field","Basal"
"Browsing",9,"BF79","Potr",8.65,3.29712793679271,-5.35287206320729,11.9471279367927,"Field","Basal"
"Browsing",9,"BF82","Bene",17.74,8.44486764098078,-9.29513235901922,26.1848676409808,"Field","Basal"
"Browsing",9,"BF82","Pima",4.4,2.45806941788833,-1.94193058211167,6.85806941788833,"Field","Basal"
"Browsing",9,"BF82","Potr",4.16,1.38496521796425,-2.77503478203575,5.54496521796425,"Field","Basal"
"Browsing",9,"BF84","Bene",9.85,5.16338322379711,-4.68661677620289,15.0133832237971,"Field","Basal"
"Browsing",9,"BF84","Pima",5,2.36197954445441,-2.63802045554559,7.36197954445441,"Field","Basal"
"Browsing",9,"BF84","Potr",4.11,1.10023920844036,-3.00976079155964,5.21023920844036,"Field","Basal"
"Browsing",9,"BF86","Bene",22,14.4039468275375,-7.59605317246255,36.4039468275375,"Field","Basal"
"Browsing",9,"BF86","Pima",6.3,2.38636477557503,-3.91363522442497,8.68636477557503,"Field","Basal"
"Browsing",9,"BF86","Potr",4.1,2.31471266831158,-1.78528733168842,6.41471266831158,"Field","Basal"
"Browsing",10,"BF72","Bene",23.3,6.82950256337589,-16.4704974366241,30.1295025633759,"Field","Basal"
"Browsing",10,"BF72","Pima",4.5,1.79179416111044,-2.70820583888956,6.29179416111044,"Field","Basal"
"Browsing",10,"BF72","Potr",8.58,6.48344720957133,-2.09655279042867,15.0634472095713,"Field","Basal"
"Browsing",10,"BF76","Bene",31.95,13.9188437208813,-18.0311562791187,45.8688437208813,"Field","Basal"
"Browsing",10,"BF76","Pima",5.9,3.41667736412532,-2.48332263587468,9.31667736412532,"Field","Basal"
"Browsing",10,"BF76","Potr",11.89,5.3634020799624,-6.5265979200376,17.2534020799624,"Field","Basal"
"Browsing",10,"BF79","Bene",17.84,4.94708845792415,-12.8929115420759,22.7870884579241,"Field","Basal"
"Browsing",10,"BF79","Pima",5.45,2.98196332357692,-2.46803667642308,8.43196332357692,"Field","Basal"
"Browsing",10,"BF79","Potr",9.79,2.93596373290538,-6.85403626709462,12.7259637329054,"Field","Basal"
"Browsing",10,"BF82","Bene",22.12,8.60873359546264,-13.5112664045374,30.7287335954626,"Field","Basal"
"Browsing",10,"BF82","Pima",5.45,3.23590059049702,-2.21409940950298,8.68590059049702,"Field","Basal"
"Browsing",10,"BF82","Potr",5.19,1.90503718248927,-3.28496281751073,7.09503718248927,"Field","Basal"
"Browsing",10,"BF84","Bene",10.65,5.15317990738677,-5.49682009261323,15.8031799073868,"Field","Basal"
"Browsing",10,"BF84","Pima",5.85,2.97843123667124,-2.87156876332876,8.82843123667124,"Field","Basal"
"Browsing",10,"BF84","Potr",4.32,1.24956132653501,-3.07043867346499,5.56956132653501,"Field","Basal"
"Browsing",10,"BF86","Bene",22.79,13.3607174930774,-9.42928250692259,36.1507174930774,"Field","Basal"
"Browsing",10,"BF86","Pima",7.9,3.43204711046061,-4.46795288953939,11.3320471104606,"Field","Basal"
"Browsing",10,"BF86","Potr",4.15,2.20704613263496,-1.94295386736504,6.35704613263496,"Field","Basal"
"Browsing",12,"BF72","Bene",26.86,9.90408740714767,-16.9559125928523,36.7640874071477,"Field","Basal"
"Browsing",12,"BF72","Pima",5.53,1.98225682121746,-3.54774317878254,7.51225682121746,"Field","Basal"
"Browsing",12,"BF72","Potr",25.75,75.005861759236,49.255861759236,100.755861759236,"Field","Basal"
"Browsing",12,"BF76","Bene",37.78,16.6549273568862,-21.1250726431138,54.4349273568862,"Field","Basal"
"Browsing",12,"BF76","Pima",7.41,4.20111514018036,-3.20888485981964,11.6111151401804,"Field","Basal"
"Browsing",12,"BF76","Potr",11.46,5.98915467192245,-5.47084532807755,17.4491546719225,"Field","Basal"
"Browsing",12,"BF79","Bene",17.35,6.44764338833638,-10.9023566116636,23.7976433883364,"Field","Basal"
"Browsing",12,"BF79","Pima",6.17,2.7270767074692,-3.4429232925308,8.8970767074692,"Field","Basal"
"Browsing",12,"BF79","Potr",9.65,2.846317000588,-6.803682999412,12.496317000588,"Field","Basal"
"Browsing",12,"BF82","Bene",25.6,10.9010320612316,-14.6989679387684,36.5010320612316,"Field","Basal"
"Browsing",12,"BF82","Pima",6.12,3.95624423172441,-2.16375576827559,10.0762442317244,"Field","Basal"
"Browsing",12,"BF82","Potr",5.61,1.93975943525651,-3.67024056474349,7.54975943525651,"Field","Basal"
"Browsing",12,"BF84","Bene",12.32,6.63243403936667,-5.68756596063333,18.9524340393667,"Field","Basal"
"Browsing",12,"BF84","Pima",7.3,3.10321988976136,-4.19678011023864,10.4032198897614,"Field","Basal"
"Browsing",12,"BF84","Potr",7.6,9.75146712608473,2.15146712608473,17.3514671260847,"Field","Basal"
"Browsing",12,"BF86","Bene",25.63,15.2502191133943,-10.3797808866057,40.8802191133943,"Field","Basal"
"Browsing",12,"BF86","Pima",8.92,3.49896225216924,-5.42103774783076,12.4189622521692,"Field","Basal"
"Browsing",12,"BF86","Potr",4.14,2.3988910693429,-1.7411089306571,6.5388910693429,"Field","Basal"
"No Browsing",8,"BF72","Bene",11.8,5.3073930561653,-6.49260694383471,17.1073930561653,"Field","Basal"
"No Browsing",8,"BF72","Pima",3.75,1.58529426124516,-2.16470573875484,5.33529426124516,"Field","Basal"
"No Browsing",8,"BF72","Potr",5.5,2.01311489462161,-3.48688510537839,7.51311489462161,"Field","Basal"
"No Browsing",8,"BF76","Bene",15.4,7.78257162206886,-7.61742837793114,23.1825716220689,"Field","Basal"
"No Browsing",8,"BF76","Pima",3.95,1.63755273117186,-2.31244726882814,5.58755273117186,"Field","Basal"
"No Browsing",8,"BF76","Potr",8.7,3.75709854457987,-4.94290145542013,12.4570985445799,"Field","Basal"
"No Browsing",8,"BF79","Bene",12.75,4.5868806049657,-8.1631193950343,17.3368806049657,"Field","Basal"
"No Browsing",8,"BF79","Pima",2.9,1.29370947686346,-1.60629052313654,4.19370947686346,"Field","Basal"
"No Browsing",8,"BF79","Potr",6.2,2.87640126034709,-3.32359873965291,9.07640126034709,"Field","Basal"
"No Browsing",8,"BF82","Bene",12.35,6.351750691117,-5.998249308883,18.701750691117,"Field","Basal"
"No Browsing",8,"BF82","Pima",4.15,1.34848843251679,-2.80151156748321,5.49848843251679,"Field","Basal"
"No Browsing",8,"BF82","Potr",3.9,1.11921024787453,-2.78078975212547,5.01921024787453,"Field","Basal"
"No Browsing",8,"BF84","Bene",9.2,3.45801890348247,-5.74198109651753,12.6580189034825,"Field","Basal"
"No Browsing",8,"BF84","Pima",4.85,1.59851905146443,-3.25148094853557,6.44851905146443,"Field","Basal"
"No Browsing",8,"BF84","Potr",4.85,2.08440323404692,-2.76559676595308,6.93440323404692,"Field","Basal"
"No Browsing",8,"BF86","Bene",14.1,7.87333942391731,-6.22666057608269,21.9733394239173,"Field","Basal"
"No Browsing",8,"BF86","Pima",4.25,1.06992375527664,-3.18007624472336,5.31992375527664,"Field","Basal"
"No Browsing",8,"BF86","Potr",4.15,1.34848843251679,-2.80151156748321,5.49848843251679,"Field","Basal"
"No Browsing",9,"BF72","Bene",17.9,7.43321139070775,-10.4667886092923,25.3332113907077,"Field","Basal"
"No Browsing",9,"BF72","Pima",4.4,2.60364117505102,-1.79635882494898,7.00364117505102,"Field","Basal"
"No Browsing",9,"BF72","Potr",7.1,4.89790503013386,-2.20209496986614,11.9979050301339,"Field","Basal"
"No Browsing",9,"BF76","Bene",26.75,16.3960040061114,-10.3539959938886,43.1460040061114,"Field","Basal"
"No Browsing",9,"BF76","Pima",5.63,2.90995468303373,-2.72004531696627,8.53995468303373,"Field","Basal"
"No Browsing",9,"BF76","Potr",10.35,5.34371248832633,-5.00628751167367,15.6937124883263,"Field","Basal"
"No Browsing",9,"BF79","Bene",20.1,14.7144755079372,-5.38552449206278,34.8144755079372,"Field","Basal"
"No Browsing",9,"BF79","Pima",5,2.20047841688072,-2.79952158311928,7.20047841688072,"Field","Basal"
"No Browsing",9,"BF79","Potr",9,9.67906041546987,0.679060415469872,18.6790604154699,"Field","Basal"
"No Browsing",9,"BF82","Bene",15.2,10.0765491168983,-5.12345088310174,25.2765491168983,"Field","Basal"
"No Browsing",9,"BF82","Pima",4.55,1.46808145478878,-3.08191854521122,6.01808145478878,"Field","Basal"
"No Browsing",9,"BF82","Potr",5.3,1.86660400897346,-3.43339599102654,7.16660400897346,"Field","Basal"
"No Browsing",9,"BF84","Bene",9.75,3.87807602867846,-5.87192397132154,13.6280760286785,"Field","Basal"
"No Browsing",9,"BF84","Pima",5.6,1.95744193971837,-3.64255806028163,7.55744193971837,"Field","Basal"
"No Browsing",9,"BF84","Potr",5.53,2.19515681678836,-3.33484318321164,7.72515681678836,"Field","Basal"
"No Browsing",9,"BF86","Bene",17.45,10.5853672586264,-6.86463274137359,28.0353672586264,"Field","Basal"
"No Browsing",9,"BF86","Pima",5,2.02614490051791,-2.97385509948209,7.02614490051791,"Field","Basal"
"No Browsing",9,"BF86","Potr",4.55,1.60509058606475,-2.94490941393525,6.15509058606475,"Field","Basal"
"No Browsing",10,"BF72","Bene",20.55,7.95695657237972,-12.5930434276203,28.5069565723797,"Field","Basal"
"No Browsing",10,"BF72","Pima",5,2.99121520808059,-2.00878479191941,7.99121520808059,"Field","Basal"
"No Browsing",10,"BF72","Potr",7.84,5.09098503778697,-2.74901496221303,12.930985037787,"Field","Basal"
"No Browsing",10,"BF76","Bene",27.25,19.7187460901656,-7.5312539098344,46.9687460901656,"Field","Basal"
"No Browsing",10,"BF76","Pima",6,2.28521820013368,-3.71478179986632,8.28521820013368,"Field","Basal"
"No Browsing",10,"BF76","Potr",11.9,5.72988472374169,-6.17011527625831,17.6298847237417,"Field","Basal"
"No Browsing",10,"BF79","Bene",18.25,7.65626678301061,-10.5937332169894,25.9062667830106,"Field","Basal"
"No Browsing",10,"BF79","Pima",4.95,2.21181040398084,-2.73818959601916,7.16181040398084,"Field","Basal"
"No Browsing",10,"BF79","Potr",8.47,4.24746226263573,-4.22253773736427,12.7174622626357,"Field","Basal"
"No Browsing",10,"BF82","Bene",17.3,10.5436436326647,-6.75635636733527,27.8436436326647,"Field","Basal"
"No Browsing",10,"BF82","Pima",6.15,2.8704483420209,-3.2795516579791,9.0204483420209,"Field","Basal"
"No Browsing",10,"BF82","Potr",5.68,1.85749627123739,-3.82250372876261,7.53749627123739,"Field","Basal"
"No Browsing",10,"BF84","Bene",11.4,4.69490205043278,-6.70509794956722,16.0949020504328,"Field","Basal"
"No Browsing",10,"BF84","Pima",6.5,2.25948294038586,-4.24051705961414,8.75948294038586,"Field","Basal"
"No Browsing",10,"BF84","Potr",6.42,2.81495588032693,-3.60504411967307,9.23495588032693,"Field","Basal"
"No Browsing",10,"BF86","Bene",20.5,13.2922613022132,-7.20773869778675,33.7922613022132,"Field","Basal"
"No Browsing",10,"BF86","Pima",6.75,2.57262921009452,-4.17737078990548,9.32262921009453,"Field","Basal"
"No Browsing",10,"BF86","Potr",5.05,1.90497962414852,-3.14502037585148,6.95497962414852,"Field","Basal"
"No Browsing",12,"BF72","Bene",25.61,9.941984340743,-15.668015659257,35.551984340743,"Field","Basal"
"No Browsing",12,"BF72","Pima",5.95,2.96159629787366,-2.98840370212634,8.91159629787366,"Field","Basal"
"No Browsing",12,"BF72","Potr",7.73,6.38418642093963,-1.34581357906037,14.1141864209396,"Field","Basal"
"No Browsing",12,"BF76","Bene",30.75,19.3013900508419,-11.4486099491581,50.0513900508419,"Field","Basal"
"No Browsing",12,"BF76","Pima",7.03,2.87229150323085,-4.15770849676915,9.90229150323086,"Field","Basal"
"No Browsing",12,"BF76","Potr",11.85,6.54636187520745,-5.30363812479255,18.3963618752074,"Field","Basal"
"No Browsing",12,"BF79","Bene",19,9.29093927606778,-9.70906072393222,28.2909392760678,"Field","Basal"
"No Browsing",12,"BF79","Pima",6.35,2.83168166512968,-3.51831833487032,9.18168166512968,"Field","Basal"
"No Browsing",12,"BF79","Potr",8.88,4.34356258706058,-4.53643741293942,13.2235625870606,"Field","Basal"
"No Browsing",12,"BF82","Bene",19.82,14.1368209255954,-5.68317907440457,33.9568209255954,"Field","Basal"
"No Browsing",12,"BF82","Pima",7.48,2.72571681649849,-4.75428318350151,10.2057168164985,"Field","Basal"
"No Browsing",12,"BF82","Potr",5.86,1.63624315633914,-4.22375684366086,7.49624315633914,"Field","Basal"
"No Browsing",12,"BF84","Bene",12.44,5.78458932718741,-6.65541067281259,18.2245893271874,"Field","Basal"
"No Browsing",12,"BF84","Pima",7.66,2.18590581007653,-5.47409418992347,9.84590581007653,"Field","Basal"
"No Browsing",12,"BF84","Potr",6.88,2.68793601114312,-4.19206398885688,9.56793601114312,"Field","Basal"
"No Browsing",12,"BF86","Bene",21.01,16.2924138339907,-4.71758616600929,37.3024138339907,"Field","Basal"
"No Browsing",12,"BF86","Pima",7.21,2.85043343374897,-4.35956656625103,10.060433433749,"Field","Basal"
"No Browsing",12,"BF86","Potr",5.16,1.71754874289219,-3.44245125710781,6.87754874289219,"Field","Basal"
